Event Name,Timestamp,Trial Duration,Trial Num,Die World Position X,Die World Position Y,Die World Position Z,Die World Position Magnitude,Die World Rotation X,Die World Rotation Y,Die World Rotation Z,Die World Rotation W,Die World Rotation Angle,Die World Rotation Axis X,Die World Rotation Axis Y,Die World Rotation Axis Z,Die Local Position X,Die Local Position Y,Die Local Position Z,Die Local Position Magnitude,Die Local Rotation X,Die Local Rotation Y,Die Local Rotation Z,Die Local Rotation W,Die Local Rotation Angle,Die Local Rotation Axis X,Die Local Rotation Axis Y,Die Local Rotation Axis Z,Die Local_left Position X,Die Local_left Position Y,Die Local_left Position Z,Die Local_left Position Magnitude,Die Local_left Rotation X,Die Local_left Rotation Y,Die Local_left Rotation Z,Die Local_left Rotation W,Die Local_left Rotation Angle,Die Local_left Rotation Axis X,Die Local_left Rotation Axis Y,Die Local_left Rotation Axis Z,Target Offset Position X,Target Offset Position Y,Target Offset Position Z,Target Offset Position Magnitude,Target Offset Rotation X,Target Offset Rotation Y,Target Offset Rotation Z,Target Offset Rotation W,Target Offset Rotation Angle,Target Offset Rotation Axis X,Target Offset Rotation Axis Y,Target Offset Rotation Axis Z
Trial Load,1772872541809,0,1,-0.1,1.1,0.3,1.144552,0,0,0,1,0,1,0,0,0,0,0,0,0,0,0,0,0,1,0,0,0,0,0,0,0,0,0,0,0,1,0,0,0.2,0,0,0.2,0.5893279,-0.6701937,0.2389278,0.3826834,135,0.6378839,-0.7254125,0.2586136
Trial Start,1772872543520,0,1,-0.1,1.1,0.3,1.144552,0,0,0,1,0,1,0,0,0,0,0,0,0,0,0,0,0,1,0,0,0,0,0,0,0,0,0,0,0,1,0,0,0.2,0,0,0.2,0.5893279,-0.6701937,0.2389278,0.3826834,135,0.6378839,-0.7254125,0.2586136
Grab_left,1772872543522,0,1,-0.1,1.1,0.3,1.144552,0,0,0,1,0,1,0,0,0,0,0,0,0,0,0,0,0,1,0,0,0,0,0,0,0,0,0,0,0,1,0,0,0.2,0,0,0.2,0.5893279,-0.6701937,0.2389278,0.3826834,135,0.6378839,-0.7254125,0.2586136
Release_left,1772872543560,0.0220156,1,-0.1,1.1,0.3,1.144552,0,0,0,1,0,1,0,0,0.2591657,-0.1532175,-0.03339419,0.3029152,0.6571246,0.5789192,0.4775336,0.07072172,171.8891,0.6587741,0.5803724,0.4787323,-0.2738496,0.08779346,0.03554631,0.2897668,-0.07598531,-0.4462828,0.5007221,0.7377909,84.91285,-0.1125659,-0.661131,0.7417783,0.2,0,0,0.2,0.5893279,-0.6701937,0.2389278,0.3826834,135,0.6378839,-0.7254125,0.2586136
Grab_left,1772872543793,0.2877091,1,-0.1,1.1,0.3,1.144552,0,0,0,1,0,1,0,0,0.2591657,-0.1532175,-0.03339419,0.3029152,0.6571246,0.5789192,0.4775336,0.07072172,171.8891,0.6587741,0.5803724,0.4787323,-0.2738496,0.08779346,0.03554631,0.2897668,-0.07598531,-0.4462828,0.5007221,0.7377909,84.91285,-0.1125659,-0.661131,0.7417783,0.2,0,0,0.2,0.5893279,-0.6701937,0.2389278,0.3826834,135,0.6378839,-0.7254125,0.2586136
Release_left,1772872543805,0.3047192,1,-0.1,1.1,0.3,1.144552,0,0,0,1,0,1,0,0,0.2087422,-0.0975476,-0.095262,0.2493265,0.6360507,0.6062303,0.4767708,0.02478136,177.16,0.636246,0.6064165,0.4769172,-0.2220031,0.04285631,0.07945858,0.2396575,-0.07721505,-0.4442378,0.5185539,0.7264934,86.81356,-0.1123662,-0.646471,0.7546184,0.2,0,0,0.2,0.5893279,-0.6701937,0.2389278,0.3826834,135,0.6378839,-0.7254125,0.2586136
Grab,1772872544834,1.326447,1,-0.1,1.1,0.3,1.144552,0,0,0,1,0,1,0,0,0.2087422,-0.0975476,-0.095262,0.2493265,0.6360507,0.6062303,0.4767708,0.02478136,177.16,0.636246,0.6064165,0.4769172,-0.2220031,0.04285631,0.07945858,0.2396575,-0.07721505,-0.4442378,0.5185539,0.7264934,86.81356,-0.1123662,-0.646471,0.7546184,0.2,0,0,0.2,0.5893279,-0.6701937,0.2389278,0.3826834,135,0.6378839,-0.7254125,0.2586136
Release,1772872544848,1.340602,1,-0.1,1.1,0.3,1.144552,0,0,0,1,0,1,0,0,0.134057,-0.06761514,0.03186341,0.1534873,0.4837973,0.7921439,-0.2318168,0.2910484,146.1585,0.5056894,0.827989,-0.2423066,-0.2302786,0.2042524,-0.0729956,0.3163474,-0.4847876,0.295276,0.6026545,0.5608927,111.7649,-0.5855712,0.3566616,0.7279417,0.2,0,0,0.2,0.5893279,-0.6701937,0.2389278,0.3826834,135,0.6378839,-0.7254125,0.2586136
Grab,1772872544932,1.423817,1,-0.09999885,1.099988,0.3000173,1.144546,0.0004406079,-8.66339E-05,-8.868586E-05,0.9999999,0.03956468,1.276137,-0.2509186,-0.2568617,0.134057,-0.06761514,0.03186341,0.1534873,0.4837973,0.7921439,-0.2318168,0.2910484,146.1585,0.5056894,0.827989,-0.2423066,-0.2302786,0.2042524,-0.0729956,0.3163474,-0.4847876,0.295276,0.6026545,0.5608927,111.7649,-0.5855712,0.3566616,0.7279417,0.1999989,1.168251E-05,-1.725554E-05,0.1999989,0.5890791,-0.6703181,0.2387175,0.3829799,134.9632,0.6376994,-0.7256435,0.2584203
Release,1772872545293,1.785365,1,-0.07182409,1.092487,0.2839743,1.131073,0.7184677,-0.08604254,-0.3281649,0.6072138,105.2234,0.9042579,-0.1082925,-0.4130259,0.101793,-0.06704527,0.03965627,0.1281777,0.3473004,0.744704,-0.5491657,-0.152367,197.5282,0.3514034,0.7535019,-0.5556535,-0.2316235,0.1858101,-0.116734,0.3190638,0.08013175,0.3737068,0.08704281,0.9199705,46.15646,0.2044242,0.953364,0.222055,0.1718241,0.007513523,0.01602569,0.1727333,-0.1575897,-0.7390825,-0.1601418,0.6350411,101.1539,-0.2040053,-0.9567679,-0.2073091
Grab,1772872545321,1.814894,1,-0.06718272,1.096545,0.29062,1.136391,0.7307157,-0.09252992,-0.3443197,0.5821828,108.7916,0.8987253,-0.1138048,-0.4234873,0.101793,-0.06704527,0.03965627,0.1281777,0.3473004,0.744704,-0.5491657,-0.152367,197.5282,0.3514034,0.7535019,-0.5556535,-0.2316235,0.1858101,-0.116734,0.3190638,0.08013175,0.3737068,0.08704281,0.9199705,46.15646,0.2044242,0.953364,0.222055,0.1671827,0.003455162,0.009379983,0.1674813,-0.1894051,-0.7322711,-0.1643256,0.6331682,101.4315,-0.2447049,-0.9460693,-0.212303
Release,1772872545405,1.896851,1,-0.06659552,1.100561,0.2815816,1.137963,0.7618986,-0.09215269,-0.3781322,0.5177205,117.6411,0.8905368,-0.1077117,-0.4419757,0.1140528,-0.06180048,0.04293557,0.1366411,0.2415182,0.7922882,-0.5521945,-0.09502538,190.9056,0.242616,0.7958896,-0.5547045,-0.2415784,0.1879175,-0.1274621,0.3315414,0.1559546,0.3285948,-0.0108336,0.9314431,42.67821,0.4285797,0.9030133,-0.02977188,0.1665955,-0.0005614758,0.01841843,0.1676115,-0.2618985,-0.7165903,-0.1879088,0.6185449,103.5801,-0.3333104,-0.9119833,-0.2391459
Grab,1772872546294,2.787048,1,-0.08683535,1.109758,0.3300741,1.161056,0.2494096,-0.438551,-0.5614773,0.6559049,98.02341,0.3304122,-0.5809826,-0.7438326,0.1140528,-0.06180048,0.04293557,0.1366411,0.2415182,0.7922882,-0.5521945,-0.09502538,190.9056,0.242616,0.7958896,-0.5547045,-0.2415784,0.1879175,-0.1274621,0.3315414,0.1559546,0.3285948,-0.0108336,0.9314431,42.67821,0.4285797,0.9030133,-0.02977188,0.1868353,-0.009757638,-0.03007412,0.1894917,-0.1899824,-0.6622423,0.4628795,0.5577495,112.1994,-0.2288919,-0.7978733,0.5576798
Release,1772872546364,2.855994,1,-0.08744583,1.110993,0.330729,1.162469,0.2306369,-0.429721,-0.5873383,0.6458949,99.53439,0.3021076,-0.5628847,-0.7693451,0.127324,-0.07361019,0.02661997,0.1494606,-0.1309593,0.6010213,-0.7327304,0.2910832,146.1544,-0.1368868,0.6282248,-0.7658954,-0.2810626,0.2091786,-0.0679058,0.3568797,0.01099131,-0.2554389,0.2455888,0.9350489,41.52792,0.03100347,-0.7205229,0.6927383,0.1874458,-0.01099265,-0.030729,0.1902657,-0.2039198,-0.669668,0.477762,0.5307589,115.8865,-0.2406069,-0.7901475,0.5637158
Grab,1772872546376,2.869565,1,-0.08744583,1.110993,0.330729,1.162469,0.2306369,-0.429721,-0.5873383,0.6458949,99.53439,0.3021076,-0.5628847,-0.7693451,0.127324,-0.07361019,0.02661997,0.1494606,-0.1309593,0.6010213,-0.7327304,0.2910832,146.1544,-0.1368868,0.6282248,-0.7658954,-0.2810626,0.2091786,-0.0679058,0.3568797,0.01099131,-0.2554389,0.2455888,0.9350489,41.52792,0.03100347,-0.7205229,0.6927383,0.1874458,-0.01099265,-0.030729,0.1902657,-0.2039198,-0.669668,0.477762,0.5307589,115.8865,-0.2406069,-0.7901475,0.5637158
Release,1772872546376,2.869565,1,-0.08744583,1.110993,0.330729,1.162469,0.2306369,-0.429721,-0.5873383,0.6458949,99.53439,0.3021076,-0.5628847,-0.7693451,0.127324,-0.07361019,0.02661997,0.1494606,-0.1309593,0.6010213,-0.7327304,0.2910832,146.1544,-0.1368868,0.6282248,-0.7658954,-0.2810626,0.2091786,-0.0679058,0.3568797,0.01099131,-0.2554389,0.2455888,0.9350489,41.52792,0.03100347,-0.7205229,0.6927383,0.1874458,-0.01099265,-0.030729,0.1902657,-0.2039198,-0.669668,0.477762,0.5307589,115.8865,-0.2406069,-0.7901475,0.5637158
Grab,1772872546391,2.884251,1,-0.08751453,1.111038,0.3304681,1.162443,0.2389705,-0.4215813,-0.5982237,0.6381933,100.6855,0.3104012,-0.5475963,-0.7770388,0.127324,-0.07361019,0.02661997,0.1494606,-0.1309593,0.6010213,-0.7327304,0.2910832,146.1544,-0.1368868,0.6282248,-0.7658954,-0.2810626,0.2091786,-0.0679058,0.3568797,0.01099131,-0.2554389,0.2455888,0.9350489,41.52792,0.03100347,-0.7205229,0.6927383,0.1875145,-0.01103783,-0.03046808,0.1902941,-0.2169982,-0.6760276,0.4697055,0.5246668,116.7084,-0.2548999,-0.794105,0.5517459
Release,1772872547002,3.497262,1,-0.06790186,1.103457,0.3022218,1.146109,0.7828968,-0.00765149,-0.5652242,-0.2598764,210.1255,0.8107528,-0.007923735,-0.5853352,0.11048,-0.08627452,0.04276515,0.1465537,-0.3099721,0.4645465,-0.7757862,-0.2937171,214.1613,-0.3242751,0.485982,-0.8115831,-0.2619919,0.2037257,-0.09949347,0.346472,0.4870579,0.195619,-0.6110477,0.592561,107.3221,0.6046461,0.2428464,-0.7585702,0.1679019,-0.003456593,-0.002221823,0.1679522,-0.8333918,-0.3430625,-0.3659731,0.2320128,153.1688,-0.8567708,-0.3526863,-0.3762397
Grab,1772872547545,4.037016,1,-0.06172017,1.08815,0.1781307,1.10436,0.395313,0.1307135,-0.6937621,-0.5876528,251.9812,0.4885757,0.1615516,-0.8574351,0.11048,-0.08627452,0.04276515,0.1465537,-0.3099721,0.4645465,-0.7757862,-0.2937171,214.1613,-0.3242751,0.485982,-0.8115831,-0.2619919,0.2037257,-0.09949347,0.346472,0.4870579,0.195619,-0.6110477,0.592561,107.3221,0.6046461,0.2428464,-0.7585702,0.1617202,0.01184964,0.1218694,0.2028447,-0.9313238,-0.1594852,-0.2168848,-0.2452784,208.3966,-0.9606696,-0.1645106,-0.2237188
Release,1772872547559,4.051084,1,-0.06172017,1.08815,0.1781307,1.10436,0.395313,0.1307135,-0.6937621,-0.5876528,251.9812,0.4885757,0.1615516,-0.8574351,0.1445279,-0.06980132,0.05825131,0.1707447,-0.8301945,-0.001919708,-0.2182696,-0.5129639,241.7229,-0.9671303,-0.002236353,-0.254272,-0.1930376,0.1241872,-0.1643834,0.2823258,0.3099857,-0.08239388,-0.9104142,0.2612776,149.7082,0.321141,-0.08535895,-0.9431768,0.1617202,0.01184964,0.1218694,0.2028447,-0.9313238,-0.1594852,-0.2168848,-0.2452784,208.3966,-0.9606696,-0.1645106,-0.2237188
Grab,1772872547601,4.093533,1,-0.0617206,1.088149,0.1781297,1.104359,0.3953072,0.1306294,-0.6937665,-0.5876701,251.9837,0.4885761,0.1614502,-0.8574541,0.1445279,-0.06980132,0.05825131,0.1707447,-0.8301945,-0.001919708,-0.2182696,-0.5129639,241.7229,-0.9671303,-0.002236353,-0.254272,-0.1930376,0.1241872,-0.1643834,0.2823258,0.3099857,-0.08239388,-0.9104142,0.2612776,149.7082,0.321141,-0.08535895,-0.9431768,0.1617206,0.01185071,0.1218703,0.2028457,-0.9313549,-0.1594427,-0.2168338,-0.2452331,208.3912,-0.9606904,-0.1644648,-0.2236636
Release,1772872547642,4.134358,1,-0.0617206,1.088149,0.1781297,1.104359,0.3953072,0.1306294,-0.6937665,-0.5876701,251.9837,0.4885761,0.1614502,-0.8574541,0.1451615,-0.06688693,0.03241382,0.1630839,-0.8074068,-0.04161159,-0.144216,-0.5705826,249.5817,-0.9831554,-0.0506692,-0.1756076,-0.1884342,0.1341003,-0.1700923,0.2870919,0.3078735,-0.08507132,-0.9132844,0.2527612,150.7181,0.3182062,-0.08792641,-0.9439353,0.1617206,0.01185071,0.1218703,0.2028457,-0.9313549,-0.1594427,-0.2168338,-0.2452331,208.3912,-0.9606904,-0.1644648,-0.2236636
Grab,1772872547712,4.204291,1,-0.0617206,1.088149,0.1781297,1.104359,0.3953072,0.1306294,-0.6937665,-0.5876701,251.9837,0.4885761,0.1614502,-0.8574541,0.1451615,-0.06688693,0.03241382,0.1630839,-0.8074068,-0.04161159,-0.144216,-0.5705826,249.5817,-0.9831554,-0.0506692,-0.1756076,-0.1884342,0.1341003,-0.1700923,0.2870919,0.3078735,-0.08507132,-0.9132844,0.2527612,150.7181,0.3182062,-0.08792641,-0.9439353,0.1617206,0.01185071,0.1218703,0.2028457,-0.9313549,-0.1594427,-0.2168338,-0.2452331,208.3912,-0.9606904,-0.1644648,-0.2236636
Release,1772872547724,4.217796,1,-0.0617206,1.088149,0.1781297,1.104359,0.3953072,0.1306294,-0.6937665,-0.5876701,251.9837,0.4885761,0.1614502,-0.8574541,0.1365342,-0.06327417,0.0166948,0.1514065,-0.7937689,-0.07304083,-0.123203,-0.5911151,252.4724,-0.9841077,-0.09055538,-0.152746,-0.1849522,0.1390779,-0.1726057,0.2886913,0.3089784,-0.0878375,-0.9144119,0.2463084,151.4817,0.3188002,-0.09062967,-0.9434791,0.1617206,0.01185071,0.1218703,0.2028457,-0.9313549,-0.1594427,-0.2168338,-0.2452331,208.3912,-0.9606904,-0.1644648,-0.2236636
Grab,1772872547739,4.23213,1,-0.06178911,1.088039,0.1781105,1.104251,0.3962328,0.1241734,-0.6958705,-0.5859564,251.7412,0.4889695,0.1532356,-0.8587362,0.1365342,-0.06327417,0.0166948,0.1514065,-0.7937689,-0.07304083,-0.123203,-0.5911151,252.4724,-0.9841077,-0.09055538,-0.152746,-0.1849522,0.1390779,-0.1726057,0.2886913,0.3089784,-0.0878375,-0.9144119,0.2463084,151.4817,0.3188002,-0.09062967,-0.9434791,0.1617891,0.01196098,0.1218895,0.2029183,-0.9336517,-0.1595817,-0.2124348,-0.2402077,207.7976,-0.961812,-0.1643949,-0.2188421
Release,1772872547893,4.38521,1,-0.08038339,1.034572,0.1695884,1.051457,0.2720257,0.01827263,-0.6519869,-0.7075177,270.0666,0.3849262,0.02585644,-0.9225851,0.09073146,-0.084952,0.007907738,0.1245455,-0.9007663,-0.1285517,-0.06653791,-0.4094721,228.3434,-0.9873329,-0.140906,-0.07293242,-0.1427577,0.1373647,-0.149434,0.2481518,0.3825563,-0.2357358,-0.8834345,0.1327511,164.7428,0.3859724,-0.2378408,-0.8913232,0.1803834,0.06542802,0.1304116,0.2320047,-0.9536513,0.01795274,-0.1126196,-0.2784669,212.3375,-0.9929256,0.01869209,-0.1172576
Grab,1772872548935,5.427134,1,0.08451731,1.041674,0.5189016,1.166827,0.1666993,0.7778842,0.06074904,-0.6028409,254.1473,0.2089327,0.9749615,0.07613983,0.09073146,-0.084952,0.007907738,0.1245455,-0.9007663,-0.1285517,-0.06653791,-0.4094721,228.3434,-0.9873329,-0.140906,-0.07293242,-0.1427577,0.1373647,-0.149434,0.2481518,0.3825563,-0.2357358,-0.8834345,0.1327511,164.7428,0.3859724,-0.2378408,-0.8913232,0.01548269,0.05832648,-0.2189016,0.2270674,-0.1924922,0.1023089,-0.7374327,-0.6392751,259.4756,-0.2503221,0.1330452,-0.9589775
Release,1772872549002,5.496631,1,0.08469991,1.041984,0.5197022,1.167473,0.1679917,0.765887,0.07159985,-0.6164976,256.1217,0.2133616,0.9727319,0.09093699,0.1073313,-0.06042924,0.02112896,0.1249725,-0.2750125,-0.06880622,0.2203659,-0.9333129,317.9145,-0.765914,-0.1916264,0.6137223,-0.2438404,0.5035693,-0.1833013,0.588761,-0.0482243,0.4421993,-0.7733526,-0.4517302,233.7095,-0.05405373,0.4956532,-0.8668368,0.0153001,0.05801642,-0.2197022,0.2277478,-0.1966294,0.1221385,-0.7386441,-0.6331067,258.5594,-0.254022,0.1577886,-0.9542409
Grab,1772872549004,5.496631,1,0.08469991,1.041984,0.5197022,1.167473,0.1679917,0.765887,0.07159985,-0.6164976,256.1217,0.2133616,0.9727319,0.09093699,0.1073313,-0.06042924,0.02112896,0.1249725,-0.2750125,-0.06880622,0.2203659,-0.9333129,317.9145,-0.765914,-0.1916264,0.6137223,-0.2438404,0.5035693,-0.1833013,0.588761,-0.0482243,0.4421993,-0.7733526,-0.4517302,233.7095,-0.05405373,0.4956532,-0.8668368,0.0153001,0.05801642,-0.2197022,0.2277478,-0.1966294,0.1221385,-0.7386441,-0.6331067,258.5594,-0.254022,0.1577886,-0.9542409
Release,1772872549017,5.509884,1,0.08469991,1.041984,0.5197022,1.167473,0.1679917,0.765887,0.07159985,-0.6164976,256.1217,0.2133616,0.9727319,0.09093699,0.11499,-0.05434837,0.01952827,0.1286771,-0.3028819,-0.06905759,0.210386,-0.9269474,315.9277,-0.8072725,-0.1840595,0.5607429,-0.2464524,0.5015447,-0.1891062,0.5899552,-0.04385199,0.4364971,-0.7765526,-0.4522318,233.7739,-0.04916691,0.4894011,-0.8706717,0.0153001,0.05801642,-0.2197022,0.2277478,-0.1966294,0.1221385,-0.7386441,-0.6331067,258.5594,-0.254022,0.1577886,-0.9542409
Grab,1772872549031,5.524047,1,0.0843177,1.040313,0.5203218,1.166231,0.2014105,0.7587526,0.1084355,-0.6098933,255.1636,0.2541511,0.9574366,0.1368299,0.11499,-0.05434837,0.01952827,0.1286771,-0.3028819,-0.06905759,0.210386,-0.9269474,315.9277,-0.8072725,-0.1840595,0.5607429,-0.2464524,0.5015447,-0.1891062,0.5899552,-0.04385199,0.4364971,-0.7765526,-0.4522318,233.7739,-0.04916691,0.4894011,-0.8706717,0.0156823,0.0596875,-0.2203218,0.2288017,-0.1825437,0.1341661,-0.7693551,-0.5973022,253.3539,-0.2276061,0.1672861,-0.9592763
Release,1772872549571,6.063685,1,0.1046173,1.027792,0.3918205,1.104909,0.3092131,0.8311585,0.3092272,-0.3434262,220.1715,0.3292374,0.8849835,0.3292525,0.1144341,-0.06181014,0.0267222,0.132777,-0.2204779,-0.06850541,0.2311046,-0.9451388,321.8665,-0.6749271,-0.2097088,0.7074576,-0.1439669,0.4339218,-0.2743981,0.5332062,-0.1259556,0.6064478,-0.5720459,-0.5376986,245.0542,-0.1493893,0.7192754,-0.6784732,-0.004617251,0.07220829,-0.09182051,0.1169032,0.08510766,0.02044816,-0.8974476,-0.4323498,231.2336,0.09438515,0.02267719,-0.9952774
Grab,1772872549680,6.174046,1,0.1110339,1.019644,0.3932521,1.098476,0.3692105,0.8502813,0.2826645,-0.2465891,208.5515,0.380975,0.8773745,0.2916713,0.1144341,-0.06181014,0.0267222,0.132777,-0.2204779,-0.06850541,0.2311046,-0.9451388,321.8665,-0.6749271,-0.2097088,0.7074576,-0.1439669,0.4339218,-0.2743981,0.5332062,-0.1259556,0.6064478,-0.5720459,-0.5376986,245.0542,-0.1493893,0.7192754,-0.6784732,-0.01103389,0.08035612,-0.09325206,0.1235913,0.1059833,-0.08175864,-0.915625,-0.3790963,224.5554,0.1145323,-0.0883536,-0.9894827
Release,1772872549736,6.22894,1,0.1121725,1.020939,0.3882018,1.097998,0.3741289,0.8247292,0.2646822,-0.3313498,218.7014,0.3965297,0.8741094,0.2805299,0.1724781,-0.07325675,0.01298777,0.1878402,-0.1292154,0.004742964,0.1718267,-0.9766046,335.1639,-0.6008826,0.02205591,0.7990352,-0.1529634,0.441151,-0.2578993,0.533408,-0.1115387,0.6513457,-0.6039634,-0.445574,232.9201,-0.1245901,0.7275614,-0.6746348,-0.0121725,0.07906079,-0.08820176,0.1190728,0.03599252,-0.0269468,-0.9172329,-0.3958058,226.6325,0.03919327,-0.02934312,-0.9988007
Grab,1772872550293,6.786445,1,0.1117269,1.021063,0.3883153,1.098108,0.3693049,0.8196394,0.2608608,-0.351791,221.1938,0.3945234,0.8756096,0.2786741,0.1724781,-0.07325675,0.01298777,0.1878402,-0.1292154,0.004742964,0.1718267,-0.9766046,335.1639,-0.6008826,0.02205591,0.7990352,-0.1529634,0.441151,-0.2578993,0.533408,-0.1115387,0.6513457,-0.6039634,-0.445574,232.9201,-0.1245901,0.7275614,-0.6746348,-0.01172686,0.07893741,-0.08831528,0.1190303,0.02201482,-0.01239886,-0.9144219,-0.4039732,227.6536,0.02406594,-0.01355406,-0.9996185
Release,1772872550571,7.063192,1,0.07735949,1.044047,0.3823526,1.114546,0.2319819,0.8515024,0.1899606,-0.4301665,230.9563,0.2569726,0.9432321,0.2104244,0.1183324,-0.1064438,0.02933211,0.1618432,-0.3990254,-0.0007401811,0.4117518,-0.8192915,290.0279,-0.6959213,-0.001290915,0.7181168,-0.1546865,0.475059,-0.1829133,0.5320397,-0.1625842,0.5490748,-0.6370569,-0.515986,242.1268,-0.1898025,0.6409955,-0.7437068,0.02264051,0.05595255,-0.08235261,0.102104,-0.01152676,0.01896123,-0.8327603,-0.5531889,247.1721,-0.01383671,0.02276105,-0.9996452
Grab,1772872551279,7.77392,1,0.07633094,1.042797,0.3831439,1.113576,0.2405941,0.8472514,0.1640321,-0.4442669,232.7529,0.2685518,0.9457044,0.1830931,0.1183324,-0.1064438,0.02933211,0.1618432,-0.3990254,-0.0007401811,0.4117518,-0.8192915,290.0279,-0.6959213,-0.001290915,0.7181168,-0.1546865,0.475059,-0.1829133,0.5320397,-0.1625842,0.5490748,-0.6370569,-0.515986,242.1268,-0.1898025,0.6409955,-0.7437068,0.02366906,0.05720294,-0.08314389,0.1036596,-0.04152501,0.01269995,-0.8294736,-0.5568555,247.6772,-0.04999343,0.01528992,-0.9986326
Release,1772872553071,9.56389,1,0.1168472,1.079674,0.2278483,1.109623,0.05499104,0.9736144,-0.06679036,-0.2111637,204.3811,0.05625965,0.9960752,-0.06833117,0.1365282,-0.05939787,0.0273574,0.1513819,0.01725919,0.1005979,0.5124534,-0.8526277,296.9973,0.03303074,0.1925247,0.980736,-0.1457682,0.3612204,-0.2778167,0.4784461,-0.4959904,0.5117903,-0.6458597,-0.2737327,211.773,-0.5156866,0.532114,-0.6715074,-0.0168472,0.02032638,0.07215168,0.07683004,0.04237222,-0.2835657,-0.6355261,-0.7168694,271.5932,0.06077419,-0.4067165,-0.9115309
Grab,1772872553128,9.620105,1,0.1149893,1.078709,0.2304711,1.109033,0.02264388,0.9785712,-0.03940223,-0.200831,203.1711,0.02311482,0.9989234,-0.04022171,0.1365282,-0.05939787,0.0273574,0.1513819,0.01725919,0.1005979,0.5124534,-0.8526277,296.9973,0.03303074,0.1925247,0.980736,-0.1457682,0.3612204,-0.2778167,0.4784461,-0.4959904,0.5117903,-0.6458597,-0.2737327,211.773,-0.5156866,0.532114,-0.6715074,-0.01498926,0.02129054,0.06952894,0.07424445,0.08037999,-0.2685183,-0.6247806,-0.7287566,273.5645,0.117382,-0.3921276,-0.9123911
Release,1772872553182,9.675087,1,0.1163205,1.077654,0.230674,1.108187,0.03820141,0.9816253,-0.03037797,-0.1844718,201.2607,0.03886848,0.9987662,-0.03090843,0.1405813,-0.05323493,0.03341488,0.1539923,0.08217287,0.1349512,0.5293028,-0.8335913,292.9389,0.148761,0.2443079,0.9582189,-0.1493665,0.3674407,-0.2742658,0.4822289,-0.5285902,0.5190662,-0.5894888,-0.3219716,217.5644,-0.5583212,0.5482615,-0.6226451,-0.01632053,0.0223465,0.06932601,0.07464464,0.090845,-0.2790498,-0.6365517,-0.7132184,270.9948,0.1296042,-0.3981068,-0.9081376
Grab,1772872553210,9.7034,1,0.1163205,1.077654,0.230674,1.108187,0.03820141,0.9816253,-0.03037797,-0.1844718,201.2607,0.03886848,0.9987662,-0.03090843,0.1405813,-0.05323493,0.03341488,0.1539923,0.08217287,0.1349512,0.5293028,-0.8335913,292.9389,0.148761,0.2443079,0.9582189,-0.1493665,0.3674407,-0.2742658,0.4822289,-0.5285902,0.5190662,-0.5894888,-0.3219716,217.5644,-0.5583212,0.5482615,-0.6226451,-0.01632053,0.0223465,0.06932601,0.07464464,0.090845,-0.2790498,-0.6365517,-0.7132184,270.9948,0.1296042,-0.3981068,-0.9081376
Release,1772872553225,9.716499,1,0.1163205,1.077654,0.230674,1.108187,0.03820141,0.9816253,-0.03037797,-0.1844718,201.2607,0.03886848,0.9987662,-0.03090843,0.1453366,-0.0574742,0.03747674,0.1607187,0.08334032,0.1612761,0.5125892,-0.839224,294.1165,0.1532594,0.29658,0.9426303,-0.1485702,0.3680387,-0.2751581,0.4829468,-0.5218491,0.5261479,-0.5972307,-0.3068508,215.7391,-0.5483004,0.5528171,-0.627503,-0.01632053,0.0223465,0.06932601,0.07464464,0.090845,-0.2790498,-0.6365517,-0.7132184,270.9948,0.1296042,-0.3981068,-0.9081376
Grab,1772872553723,10.21506,1,0.116318,1.07765,0.2306749,1.108183,0.03828182,0.9816388,-0.03028235,-0.1843982,201.2521,0.03894975,0.9987661,-0.03081071,0.1453366,-0.0574742,0.03747674,0.1607187,0.08334032,0.1612761,0.5125892,-0.839224,294.1165,0.1532594,0.29658,0.9426303,-0.1485702,0.3680387,-0.2751581,0.4829468,-0.5218491,0.5261479,-0.5972307,-0.3068508,215.7391,-0.5483004,0.5528171,-0.627503,-0.01631801,0.02235007,0.06932509,0.0746443,0.09092489,-0.2790671,-0.6366326,-0.713129,270.9802,0.1297014,-0.39808,-0.9081355
Release,1772872554820,11.31407,1,0.09582505,1.104918,0.2509725,1.137107,-0.2451689,0.7538748,-0.551592,-0.2594441,210.0742,-0.2538616,0.7806042,-0.5711492,0.1339282,-0.08815266,0.02843788,0.1628384,-0.3686102,0.4779826,0.5350026,-0.5911273,252.4741,-0.4570048,0.5926053,0.663299,-0.1921304,0.3597146,-0.289527,0.5001345,-0.6295502,-0.06210825,-0.7659558,-0.1145469,193.155,-0.6337214,-0.06251977,-0.7710308,0.004174948,-0.00491786,0.0490275,0.04945009,-0.2486274,-0.3811084,-0.1308721,-0.8808027,303.4787,-0.5251027,-0.8049033,-0.2764027
Grab,1772872555612,12.10493,1,0.0896938,1.101918,0.2496825,1.133406,-0.4166543,0.5745609,-0.6078085,-0.356157,221.7287,-0.4458932,0.614881,-0.6504618,0.1339282,-0.08815266,0.02843788,0.1628384,-0.3686102,0.4779826,0.5350026,-0.5911273,252.4741,-0.4570048,0.5926053,0.663299,-0.1921304,0.3597146,-0.289527,0.5001345,-0.6295502,-0.06210825,-0.7659558,-0.1145469,193.155,-0.6337214,-0.06251977,-0.7710308,0.0103062,-0.001918197,0.05031748,0.05139792,-0.3205175,-0.239829,0.08813672,-0.9121308,311.603,-0.781942,-0.5850924,0.2150204
Release,1772872555793,12.28537,1,0.0751921,1.080975,0.252847,1.112696,-0.3945156,0.6048502,-0.5612008,-0.4044348,227.7114,-0.4313688,0.6613516,-0.6136247,0.1159068,-0.08485004,0.01421652,0.1443469,-0.6007406,0.1696272,0.6884631,-0.3692642,223.3405,-0.6464272,0.1825275,0.740821,-0.1806071,0.3462187,-0.2882057,0.4853337,-0.5446854,-0.3227349,-0.7397922,-0.2277444,206.3286,-0.5593855,-0.331445,-0.7597579,0.0248079,0.01902533,0.04715306,0.05657566,-0.3189679,-0.196887,0.0260783,-0.9267228,315.8592,-0.8488927,-0.5239897,0.0694041
Grab,1772872555919,12.41178,1,0.07517155,1.085979,0.2617533,1.119605,-0.382274,0.6144589,-0.5924101,-0.3540583,221.4715,-0.4087515,0.6570183,-0.6334425,0.1159068,-0.08485004,0.01421652,0.1443469,-0.6007406,0.1696272,0.6884631,-0.3692642,223.3405,-0.6464272,0.1825275,0.740821,-0.1806071,0.3462187,-0.2882057,0.4853337,-0.5446854,-0.3227349,-0.7397922,-0.2277444,206.3286,-0.5593855,-0.331445,-0.7597579,0.02482845,0.01402128,0.03824669,0.04770595,-0.3125848,-0.2556435,0.03619104,-0.9141266,312.164,-0.7709981,-0.6305509,0.08926607
Release,1772872556071,12.56423,1,0.07453293,1.080938,0.267687,1.116082,-0.2929313,0.6666409,-0.5339994,-0.429681,230.8946,-0.3244048,0.7382671,-0.5913741,0.1124416,-0.09280616,0.01764423,0.1468585,-0.55094,0.1762378,0.6380234,-0.5082632,241.0964,-0.6397339,0.2046417,0.7408524,-0.1872681,0.3597025,-0.2819131,0.4938929,-0.5147954,-0.2201282,-0.7990413,-0.2192308,205.3277,-0.5276312,-0.2256168,-0.8189644,0.02546707,0.0190618,0.03231305,0.04534376,-0.3397271,-0.2118542,-0.09485941,-0.9114302,311.4075,-0.8256731,-0.5148908,-0.2305464
Grab,1772872556503,12.99609,1,0.07440887,1.080911,0.2677438,1.116061,-0.2993384,0.6636297,-0.5338568,-0.4301036,230.9483,-0.3315742,0.7350962,-0.591348,0.1124416,-0.09280616,0.01764423,0.1468585,-0.55094,0.1762378,0.6380234,-0.5082632,241.0964,-0.6397339,0.2046417,0.7408524,-0.1872681,0.3597025,-0.2819131,0.4938929,-0.5147954,-0.2201282,-0.7990413,-0.2192308,205.3277,-0.5276312,-0.2256168,-0.8189644,0.02559114,0.01908863,0.03225625,0.04538444,-0.3381481,-0.2088038,-0.08894636,-0.9133157,311.9353,-0.8303159,-0.5127134,-0.218406
Release,1772872556614,13.10585,1,0.07066868,1.077183,0.271476,1.113111,-0.3607174,0.6056474,-0.5650768,-0.4286753,230.767,-0.3992628,0.6703654,-0.6254595,0.1270796,-0.06669893,0.02149199,0.1451202,-0.483006,0.2171881,0.7024039,-0.4755665,236.7925,-0.5490701,0.2468945,0.7984766,-0.1965097,0.3582619,-0.2779331,0.4941806,-0.5129468,-0.3090206,-0.7712182,-0.2159034,204.9371,-0.525337,-0.3164849,-0.789847,0.02933132,0.02281737,0.02852404,0.04684634,-0.3485947,-0.1913057,-0.001351278,-0.9175414,313.1385,-0.8766583,-0.4811025,-0.003398241
Grab,1772872556641,13.1353,1,0.07083791,1.076694,0.2714315,1.112638,-0.3548753,0.6026233,-0.5701153,-0.4311348,231.0792,-0.3933062,0.6678839,-0.6318555,0.1270796,-0.06669893,0.02149199,0.1451202,-0.483006,0.2171881,0.7024039,-0.4755665,236.7925,-0.5490701,0.2468945,0.7984766,-0.1965097,0.3582619,-0.2779331,0.4941806,-0.5129468,-0.3090206,-0.7712182,-0.2159034,204.9371,-0.525337,-0.3164849,-0.789847,0.02916209,0.02330625,0.02856854,0.04700819,-0.3563792,-0.1928654,-0.002143966,-0.9142168,312.1895,-0.879459,-0.4759458,-0.0052908
On Target,1772872558323,14.82933,1,0.1001417,1.102297,0.2928667,1.144927,-0.5206599,0.6950092,-0.2649136,-0.4191614,229.5633,-0.5734697,0.765503,-0.2917835,0.1114024,-0.07679188,0.02728542,0.1380289,-0.2511078,0.2127061,0.7757871,-0.5383822,245.1472,-0.2979797,0.25241,0.9205961,-0.2255425,0.4062274,-0.2911422,0.5483192,-0.5693722,-0.1731277,-0.6447256,-0.4797615,237.3396,-0.6489319,-0.1973192,-0.7348146,-0.0001416951,-0.002296805,0.007133275,0.007495266,-0.05926206,-0.01677,-0.0594166,-0.9963315,350.1815,-0.6924961,-0.1959627,-0.6943019
Off Target,1772872558476,14.98287,1,0.1023735,1.104009,0.2950231,1.147326,-0.5844126,0.618497,-0.2978322,-0.4326886,231.2766,-0.6482357,0.6860424,-0.3303581,0.113541,-0.07699303,0.02566722,0.1395647,-0.3155223,0.2240636,0.7706391,-0.5063166,240.8376,-0.3658876,0.2598298,0.8936525,-0.2241153,0.4118703,-0.2964527,0.5547513,-0.5446928,-0.2802964,-0.6274149,-0.4807228,237.4652,-0.6211766,-0.3196546,-0.7155143,-0.002373539,-0.004009366,0.004976869,0.006817472,-0.08317964,0.01740828,0.03776625,-0.9956665,349.3281,-0.8944452,0.1871943,0.4061071
On Target,1772872558628,15.13586,1,0.1002998,1.101163,0.2949207,1.144377,-0.6054665,0.6116405,-0.2878244,-0.4200756,229.6787,-0.6671887,0.673992,-0.3171657,0.1151294,-0.07717062,0.02603726,0.1410249,-0.3190191,0.2336651,0.7700279,-0.5006842,240.0905,-0.3685397,0.2699364,0.8895576,-0.2219108,0.4146831,-0.290825,0.5529789,-0.5538889,-0.2961506,-0.6102883,-0.4827526,237.7307,-0.6324689,-0.3381654,-0.6968697,-0.0002997816,-0.001163125,0.005079359,0.005219446,-0.06262053,0.02250721,0.05510097,-0.9962611,350.0876,-0.7248274,0.2605191,0.6377891
Off Target,1772872558697,15.20391,1,0.1014072,1.100057,0.2971717,1.143993,-0.6382647,0.5970384,-0.2547291,-0.4138557,228.8946,-0.7011259,0.6558394,-0.2798167,0.1145969,-0.07783081,0.02511315,0.1407862,-0.3018052,0.2348573,0.7944737,-0.4717704,236.2986,-0.3422908,0.2663622,0.9010484,-0.2215676,0.4192534,-0.2877159,0.5546585,-0.5614607,-0.2955969,-0.5802937,-0.5105327,241.3986,-0.6529688,-0.3437739,-0.6748713,-0.001407184,-5.674362E-05,0.00282827,0.003159509,-0.0277122,0.05126706,0.07450852,-0.9955161,349.1443,-0.2929652,0.5419802,0.7876821
Release,1772872559516,16.00924,1,0.1039469,1.113522,0.2682205,1.150078,-0.7592895,0.5011736,-0.1182862,-0.3978856,226.8921,-0.8276221,0.5462769,-0.1289314,0.109596,-0.07981334,0.02111292,0.1372123,-0.2847261,0.1577682,0.932174,-0.1584049,198.2287,-0.2883669,0.1597857,0.9440939,-0.2088453,0.4026162,-0.3020747,0.5449452,-0.5307549,-0.3397799,-0.433418,-0.6442032,260.2119,-0.6939293,-0.4442413,-0.5666673,-0.003946871,-0.01352203,0.03177947,0.03476144,0.09655207,0.1865756,0.1637157,-0.9638799,329.1072,0.3625183,0.7005244,0.6146937
Grab,1772872560169,16.66331,1,0.1039354,1.113502,0.2682593,1.150067,-0.7598525,0.5012574,-0.1179698,-0.3967977,226.7563,-0.8278108,0.5460879,-0.1285206,0.109596,-0.07981334,0.02111292,0.1372123,-0.2847261,0.1577682,0.932174,-0.1584049,198.2287,-0.2883669,0.1597857,0.9440939,-0.2088453,0.4026162,-0.3020747,0.5449452,-0.5307549,-0.3397799,-0.433418,-0.6442032,260.2119,-0.6939293,-0.4442413,-0.5666673,-0.003935397,-0.01350236,0.03174075,0.03471709,0.09764061,0.1861355,0.1641825,-0.9637759,329.0624,0.3660884,0.6978862,0.615577
Release,1772872560295,16.78705,1,0.100458,1.098303,0.2838021,1.138817,-0.7589471,0.5541122,-0.1093387,-0.3240433,217.8153,-0.8022338,0.5857161,-0.1155748,0.1246621,-0.07263509,0.02738305,0.1468547,-0.3077987,0.1437365,0.9247534,-0.1715554,199.7565,-0.3124306,0.1458995,0.9386695,-0.2437432,0.3724672,-0.3008033,0.5372385,-0.60846,-0.3376538,-0.374349,-0.6128861,255.597,-0.7700355,-0.4273172,-0.4737567,-0.0004580393,0.001697063,0.01619792,0.01629302,0.1585834,0.1220195,0.146507,-0.9687613,331.2822,0.6394615,0.4920237,0.5907654
Grab,1772872560322,16.81641,1,0.0959409,1.095712,0.2794611,1.134852,-0.7356067,0.5671791,-0.09431712,-0.3581828,221.9773,-0.7878816,0.6074848,-0.1010196,0.1246621,-0.07263509,0.02738305,0.1468547,-0.3077987,0.1437365,0.9247534,-0.1715554,199.7565,-0.3124306,0.1458995,0.9386695,-0.2437432,0.3724672,-0.3008033,0.5372385,-0.60846,-0.3376538,-0.374349,-0.6128861,255.597,-0.7700355,-0.4273172,-0.4737567,0.004059106,0.004287839,0.0205389,0.02137073,0.1427215,0.143175,0.1092584,-0.973239,333.43,0.6210811,0.6230549,0.4754597
On Target,1772872561962,18.46752,1,0.09633181,1.113976,0.2868094,1.154332,-0.5473112,0.6907992,-0.2422517,-0.4056613,227.8652,-0.5987934,0.7557784,-0.2650388,0.1294276,-0.08808462,0.02013981,0.1578481,-0.367395,0.08748243,0.8936369,-0.2424474,208.0621,-0.3786936,0.09017278,0.921119,-0.254131,0.3909115,-0.2993997,0.554107,-0.5662166,-0.2118161,-0.6317629,-0.4851891,238.0497,-0.6475418,-0.2422391,-0.7225025,0.003668189,-0.01397634,0.01319057,0.01956488,-0.02692508,-0.004483541,-0.04452073,-0.9986355,354.0131,-0.5155931,-0.08585612,-0.8525355
Off Target,1772872562213,18.71847,1,0.09833232,1.108276,0.2935901,1.150713,-0.5719457,0.7141231,-0.1540412,-0.3730652,223.8096,-0.6164502,0.7696909,-0.1660275,0.126716,-0.08985695,0.02300611,0.1570366,-0.3005247,0.08787275,0.9189081,-0.2399401,207.766,-0.3095678,0.09051695,0.9465593,-0.2538113,0.4004321,-0.2947671,0.5582595,-0.591426,-0.1744224,-0.5809948,-0.53126,244.1813,-0.6980876,-0.2058788,-0.6857752,0.001667686,-0.008275986,0.006409883,0.01059999,0.06640279,0.02261586,-0.06772491,-0.9952349,348.8088,0.6810103,0.2319426,-0.6945696
Release,1772872562572,19.06502,1,0.09654185,1.105216,0.301803,1.149742,-0.5540224,0.6818841,-0.06388764,-0.4732987,236.4973,-0.6289263,0.7740749,-0.07252525,0.1248222,-0.0932598,0.01895786,0.156963,-0.2873287,-0.03756559,0.9318286,-0.2184638,205.2377,-0.294441,-0.03849544,0.9548941,-0.2579941,0.4081737,-0.2873441,0.5619015,-0.5060386,-0.1571036,-0.5655378,-0.6319893,258.3941,-0.6529723,-0.2027203,-0.7297477,0.00345815,-0.005216002,-0.001803011,0.006512782,0.05319103,0.1509767,-0.1191864,-0.9798834,336.9763,0.2665268,0.7565059,-0.597213
Grab,1772872563781,20.27403,1,0.07319897,1.056726,0.3060234,1.102578,0.2399033,0.7675461,0.4895695,-0.337107,219.4014,0.2548188,0.8152667,0.5200074,0.1248222,-0.0932598,0.01895786,0.156963,-0.2873287,-0.03756559,0.9318286,-0.2184638,205.2377,-0.294441,-0.03849544,0.9548941,-0.2579941,0.4081737,-0.2873441,0.5619015,-0.5060386,-0.1571036,-0.5655378,-0.6319893,258.3941,-0.6529723,-0.2027203,-0.7297477,0.02680103,0.04327369,-0.006023347,0.05125611,0.2210209,0.1633973,-0.8810123,-0.3850564,225.2945,0.239487,0.177049,-0.9546201
Release,1772872564933,21.42628,1,0.09627708,1.117593,0.251694,1.149623,-0.1925272,0.7300985,-0.09057296,-0.6493737,260.9888,-0.2531689,0.9600629,-0.1191014,0.1385456,-0.06546995,0.03568839,0.1573368,-0.05349093,-0.1876185,0.5664762,-0.8006516,286.3847,-0.08928094,-0.3131514,0.9454973,-0.2654978,0.3529667,-0.3322053,0.5526617,-0.2517762,-0.04099087,-0.7746954,-0.578598,250.704,-0.3086958,-0.05025776,-0.9498322,0.003722921,-0.01759326,0.04830605,0.05154471,-0.1952776,0.1484325,-0.4217295,-0.872914,301.5981,-0.4002623,0.3042435,-0.8644227
Grab,1772872564962,21.45457,1,0.09627708,1.117593,0.251694,1.149623,-0.1925272,0.7300985,-0.09057296,-0.6493737,260.9888,-0.2531689,0.9600629,-0.1191014,0.1385456,-0.06546995,0.03568839,0.1573368,-0.05349093,-0.1876185,0.5664762,-0.8006516,286.3847,-0.08928094,-0.3131514,0.9454973,-0.2654978,0.3529667,-0.3322053,0.5526617,-0.2517762,-0.04099087,-0.7746954,-0.578598,250.704,-0.3086958,-0.05025776,-0.9498322,0.003722921,-0.01759326,0.04830605,0.05154471,-0.1952776,0.1484325,-0.4217295,-0.872914,301.5981,-0.4002623,0.3042435,-0.8644227
Release,1772872565018,21.50997,1,0.09646188,1.117489,0.2517478,1.14955,-0.1841416,0.7358959,-0.08542666,-0.64595,260.4739,-0.2412189,0.9639971,-0.1119059,0.1677572,-0.065011,0.05400087,0.1878431,-0.09616878,-0.1567594,0.5613773,-0.8068666,287.5818,-0.1627955,-0.2653639,0.9503052,-0.2654626,0.3523031,-0.3321317,0.5521769,-0.2553772,-0.02773716,-0.7799367,-0.5707117,249.5997,-0.3109993,-0.03377842,-0.9498097,0.003538124,-0.01748943,0.04825225,0.05144588,-0.1916348,0.1449488,-0.4319174,-0.8693177,300.7589,-0.3877257,0.293268,-0.873878
Grab,1772872565392,21.88478,1,0.09626951,1.117641,0.2519672,1.149729,-0.1759884,0.7293875,-0.07775173,-0.6564881,262.0652,-0.2333023,0.9669261,-0.103073,0.1677572,-0.065011,0.05400087,0.1878431,-0.09616878,-0.1567594,0.5613773,-0.8068666,287.5818,-0.1627955,-0.2653639,0.9503052,-0.2654626,0.3523031,-0.3321317,0.5521769,-0.2553772,-0.02773716,-0.7799367,-0.5707117,249.5997,-0.3109993,-0.03377842,-0.9498097,0.003730491,-0.01764131,0.04803282,0.05130579,-0.1973767,0.157077,-0.439001,-0.86235,299.1629,-0.3898317,0.3102372,-0.8670552
Release,1772872565516,22.01117,1,0.09172569,1.125947,0.2641321,1.160145,-0.1535898,0.7101285,-0.02118117,-0.686789,266.7529,-0.2113068,0.9769855,-0.02914078,0.1158581,-0.09385112,0.02282817,0.1508385,-0.3385093,-0.1136428,0.8377198,-0.4131856,228.8102,-0.371724,-0.1247935,0.9199173,-0.2828069,0.3778363,-0.3153234,0.5675992,-0.1852653,0.03596168,-0.7827446,-0.5930384,252.7458,-0.2300934,0.04466322,-0.9721431,0.008274309,-0.02594733,0.03586787,0.0450359,-0.1904937,0.2127416,-0.4715509,-0.8343219,293.0906,-0.3455496,0.3859065,-0.8553784
Grab,1772872565615,22.10705,1,0.09172615,1.125947,0.2641337,1.160146,-0.1535611,0.7101102,-0.02123131,-0.6868128,266.7567,-0.2112739,0.9769903,-0.02921066,0.1158581,-0.09385112,0.02282817,0.1508385,-0.3385093,-0.1136428,0.8377198,-0.4131856,228.8102,-0.371724,-0.1247935,0.9199173,-0.2828069,0.3778363,-0.3153234,0.5675992,-0.1852653,0.03596168,-0.7827446,-0.5930384,252.7458,-0.2300934,0.04466322,-0.9721431,0.008273847,-0.02594745,0.03586629,0.04503462,-0.1905567,0.2127281,-0.4715458,-0.8343138,293.0889,-0.3456561,0.3858734,-0.8553501
Release,1772872565698,22.19065,1,0.09124024,1.126156,0.2676844,1.161124,-0.1321138,0.7095075,-0.01988128,-0.6919175,267.5642,-0.1829891,0.9827293,-0.0275373,0.123209,-0.09446148,0.02173758,0.1567672,-0.320415,-0.1327176,0.8235083,-0.4489484,233.3525,-0.3585834,-0.1485271,0.921606,-0.2787496,0.3967242,-0.2996882,0.5700039,-0.1790656,0.09182802,-0.7911936,-0.5775084,250.551,-0.2193398,0.1124813,-0.969143,0.008759759,-0.02615631,0.03231558,0.04248744,-0.2010117,0.2120511,-0.4873008,-0.8229014,290.7526,-0.3537792,0.3732083,-0.8576457
Grab,1772872565754,22.24591,1,0.09100904,1.126242,0.2679544,1.161251,-0.1387786,0.7078173,-0.01884823,-0.6923727,267.6364,-0.1923366,0.9809813,-0.02612222,0.123209,-0.09446148,0.02173758,0.1567672,-0.320415,-0.1327176,0.8235083,-0.4489484,233.3525,-0.3585834,-0.1485271,0.921606,-0.2787496,0.3967242,-0.2996882,0.5700039,-0.1790656,0.09182802,-0.7911936,-0.5775084,250.551,-0.2193398,0.1124813,-0.969143,0.008990958,-0.02624202,0.0320456,0.04238398,-0.198441,0.2152042,-0.4823421,-0.8256237,291.3036,-0.3517079,0.3814182,-0.8548812
Release,1772872565794,22.28746,1,0.090046,1.126432,0.2693802,1.16169,-0.1561453,0.7093509,-0.01653473,-0.6871438,266.8089,-0.2149218,0.9763662,-0.02275876,0.1311458,-0.09138889,0.01929237,0.1610073,-0.3418171,-0.16274,0.7994072,-0.4665032,235.6151,-0.3864437,-0.1839869,0.9037755,-0.2744162,0.4016921,-0.2989838,0.5710097,-0.1817159,0.08980868,-0.7842987,-0.5863357,251.7948,-0.2243217,0.1108656,-0.9681883,0.009953998,-0.02643228,0.03061986,0.04165721,-0.1867966,0.2166257,-0.4712429,-0.8343324,293.0928,-0.3388529,0.3929636,-0.8548443
Grab,1772872565809,22.30279,1,0.0899431,1.126479,0.2695735,1.161772,-0.1597614,0.7100371,-0.01602149,-0.6856143,266.5679,-0.2194631,0.9753725,-0.0220086,0.1311458,-0.09138889,0.01929237,0.1610073,-0.3418171,-0.16274,0.7994072,-0.4665032,235.6151,-0.3864437,-0.1839869,0.9037755,-0.2744162,0.4016921,-0.2989838,0.5710097,-0.1817159,0.08980868,-0.7842987,-0.5863357,251.7948,-0.2243217,0.1108656,-0.9681883,0.01005691,-0.02647901,0.03042647,0.04156981,-0.1840035,0.2165046,-0.4690546,-0.8362154,293.4852,-0.3355272,0.3947923,-0.8553131
Release,1772872565892,22.3853,1,0.08858884,1.126842,0.2739601,1.163046,-0.1973837,0.7403796,0.001189217,-0.6425546,259.9651,-0.2576004,0.9662504,0.001552016,0.1289483,-0.09105764,0.02186864,0.1593656,-0.2998253,-0.1311072,0.8274518,-0.4563325,234.3014,-0.3369545,-0.147343,0.9299203,-0.2721478,0.4066263,-0.2996796,0.5737745,-0.2403755,0.099508,-0.7541331,-0.6029935,254.1692,-0.3013182,0.1247364,-0.9453297,0.01141116,-0.02684224,0.02603987,0.03909981,-0.1254456,0.1951664,-0.4580202,-0.8581324,298.215,-0.2443291,0.3801235,-0.8920813
Grab,1772872565935,22.42687,1,0.08858884,1.126842,0.2739601,1.163046,-0.1973837,0.7403796,0.001189217,-0.6425546,259.9651,-0.2576004,0.9662504,0.001552016,0.1289483,-0.09105764,0.02186864,0.1593656,-0.2998253,-0.1311072,0.8274518,-0.4563325,234.3014,-0.3369545,-0.147343,0.9299203,-0.2721478,0.4066263,-0.2996796,0.5737745,-0.2403755,0.099508,-0.7541331,-0.6029935,254.1692,-0.3013182,0.1247364,-0.9453297,0.01141116,-0.02684224,0.02603987,0.03909981,-0.1254456,0.1951664,-0.4580202,-0.8581324,298.215,-0.2443291,0.3801235,-0.8920813
Release,1772872565947,22.44072,1,0.08858884,1.126842,0.2739601,1.163046,-0.1973837,0.7403796,0.001189217,-0.6425546,259.9651,-0.2576004,0.9662504,0.001552016,0.1285008,-0.0951156,0.02665048,0.1620792,-0.2825519,-0.1246532,0.8339269,-0.4573754,234.4358,-0.3177333,-0.1401742,0.9377616,-0.2691616,0.406898,-0.3044953,0.5750924,-0.2370054,0.1066262,-0.7524828,-0.6051688,254.482,-0.2977091,0.1339361,-0.9452145,0.01141116,-0.02684224,0.02603987,0.03909981,-0.1254456,0.1951664,-0.4580202,-0.8581324,298.215,-0.2443291,0.3801235,-0.8920813
Grab,1772872566281,22.77526,1,0.08859067,1.126859,0.2739892,1.163069,-0.1986097,0.7409891,0.001491898,-0.6414726,259.8034,-0.2588942,0.9659038,0.001944738,0.1285008,-0.0951156,0.02665048,0.1620792,-0.2825519,-0.1246532,0.8339269,-0.4573754,234.4358,-0.3177333,-0.1401742,0.9377616,-0.2691616,0.406898,-0.3044953,0.5750924,-0.2370054,0.1066262,-0.7524828,-0.6051688,254.482,-0.2977091,0.1339361,-0.9452145,0.01140933,-0.02685928,0.02601084,0.03909166,-0.1239903,0.1946793,-0.4574152,-0.8587769,298.3591,-0.2420033,0.3799734,-0.8927792
Release,1772872566337,22.82914,1,0.08859155,1.126864,0.2740004,1.163077,-0.199003,0.7412313,0.00165668,-0.6410704,259.7434,-0.2592934,0.9657962,0.002158592,0.1352621,-0.06351033,0.02880866,0.152182,-0.2911582,-0.07434696,0.8299096,-0.4700529,236.0755,-0.3298726,-0.08423264,0.94026,-0.2520518,0.407272,-0.3301602,0.581727,-0.2128851,0.1212935,-0.7577031,-0.6048585,254.4373,-0.2673317,0.1523151,-0.9514903,0.01140845,-0.02686393,0.02599958,0.0390871,-0.1234345,0.1945082,-0.4572612,-0.8589777,298.404,-0.2410769,0.3798892,-0.8930656
Grab,1772872566351,22.84379,1,0.08859155,1.126864,0.2740004,1.163077,-0.199003,0.7412313,0.00165668,-0.6410704,259.7434,-0.2592934,0.9657962,0.002158592,0.1352621,-0.06351033,0.02880866,0.152182,-0.2911582,-0.07434696,0.8299096,-0.4700529,236.0755,-0.3298726,-0.08423264,0.94026,-0.2520518,0.407272,-0.3301602,0.581727,-0.2128851,0.1212935,-0.7577031,-0.6048585,254.4373,-0.2673317,0.1523151,-0.9514903,0.01140845,-0.02686393,0.02599958,0.0390871,-0.1234345,0.1945082,-0.4572612,-0.8589777,298.404,-0.2410769,0.3798892,-0.8930656
Release,1772872566614,23.10696,1,0.09079312,1.113583,0.284172,1.15285,-0.3767871,0.7709945,-0.002693802,-0.5134119,241.7827,-0.439073,0.898446,-0.003139108,0.1193515,-0.0798578,0.02310765,0.1454511,-0.2471753,0.03566073,0.9165082,-0.3124829,216.4178,-0.2602055,0.03754063,0.9648232,-0.2372071,0.4244258,-0.3197496,0.5819315,-0.3690122,0.08552433,-0.683454,-0.6240244,257.2213,-0.4722419,0.1094494,-0.8746476,0.009206884,-0.01358271,0.01582798,0.02279872,0.02402887,0.137476,-0.3234857,-0.9358847,318.7431,0.06820443,0.3902169,-0.9181936
Grab,1772872566642,23.13513,1,0.09142812,1.113708,0.2840508,1.152992,-0.3918694,0.7759407,-0.01276112,-0.4941574,239.2284,-0.4507498,0.8925297,-0.01467854,0.1193515,-0.0798578,0.02310765,0.1454511,-0.2471753,0.03566073,0.9165082,-0.3124829,216.4178,-0.2602055,0.03754063,0.9648232,-0.2372071,0.4244258,-0.3197496,0.5819315,-0.3690122,0.08552433,-0.683454,-0.6240244,257.2213,-0.4722419,0.1094494,-0.8746476,0.008571886,-0.01370835,0.01594922,0.02271065,0.03558255,0.1203496,-0.3078395,-0.9431249,321.1663,0.1070351,0.3620209,-0.9260049
Release,1772872566656,23.14853,1,0.09146479,1.113692,0.2840626,1.152982,-0.3923744,0.7760319,-0.01459692,-0.4935624,239.15,-0.4511552,0.8922877,-0.01678366,0.1188498,-0.08478843,0.0247537,0.148078,-0.2269078,0.0587412,0.9268592,-0.293248,214.105,-0.2373422,0.06144243,0.9694811,-0.2345587,0.4268355,-0.3195768,0.5825252,-0.4134979,0.07822046,-0.6688328,-0.6128327,255.5892,-0.5232742,0.0989866,-0.8463959,0.008535214,-0.01369226,0.01593739,0.02267881,0.03491791,0.1189547,-0.3067101,-0.9436946,321.3631,0.1055502,0.3595774,-0.9271266
Grab,1772872566685,23.1767,1,0.09211452,1.113942,0.2839116,1.153237,-0.4099728,0.7799921,-0.02175177,-0.4722938,236.3666,-0.4651165,0.8849055,-0.0246775,0.1188498,-0.08478843,0.0247537,0.148078,-0.2269078,0.0587412,0.9268592,-0.293248,214.105,-0.2373422,0.06144243,0.9694811,-0.2345587,0.4268355,-0.3195768,0.5825252,-0.4134979,0.07822046,-0.6688328,-0.6128327,255.5892,-0.5232742,0.0989866,-0.8463959,0.007885478,-0.01394153,0.01608843,0.02270208,0.05033777,0.1031733,-0.2894299,-0.9502903,323.7169,0.1616679,0.3313578,-0.9295512
Release,1772872567129,23.62065,1,0.08093028,1.101319,0.2816791,1.139647,-0.5672707,0.6138578,-0.09343756,-0.5409732,245.4998,-0.6744873,0.7298796,-0.1110977,0.1243481,-0.09270077,0.01162234,0.1555344,-0.3321078,-0.0842305,0.9177372,-0.2009182,203.1813,-0.3390211,-0.08598389,0.9368412,-0.2274496,0.4285499,-0.3115475,0.5765849,-0.4062853,-0.1824523,-0.6059989,-0.6590971,262.4621,-0.5402313,-0.242604,-0.8057874,0.01906972,-0.001318574,0.01832095,0.02647735,-0.01767913,0.2081151,-0.07507879,-0.9750584,334.353,-0.0796542,0.9376726,-0.3382711
Grab,1772872567686,24.18039,1,0.08092218,1.101279,0.2817436,1.139624,-0.5667756,0.6160685,-0.09341156,-0.5389799,245.2284,-0.6728755,0.731396,-0.1108981,0.1243481,-0.09270077,0.01162234,0.1555344,-0.3321078,-0.0842305,0.9177372,-0.2009182,203.1813,-0.3390211,-0.08598389,0.9368412,-0.2274496,0.4285499,-0.3115475,0.5765849,-0.4062853,-0.1824523,-0.6059989,-0.6590971,262.4621,-0.5402313,-0.242604,-0.8057874,0.01907782,-0.00127852,0.01825643,0.02643662,-0.01614822,0.2058302,-0.07624711,-0.9754792,334.5712,-0.07337044,0.9352019,-0.3464334
Release,1772872567934,24.42615,1,0.07342177,1.094793,0.2954419,1.136331,-0.6257919,0.6368698,-0.1623233,-0.4200387,229.674,-0.6895732,0.7017801,-0.1788675,0.126385,-0.0804251,0.02899938,0.1525855,-0.3134511,0.1071529,0.9263756,-0.1791505,200.6406,-0.3186056,0.108915,0.9416093,-0.2414116,0.4233589,-0.3041409,0.5744684,-0.5057123,-0.2140178,-0.5883732,-0.5935221,252.8147,-0.6283564,-0.2659209,-0.731064,0.02657823,0.005206943,0.004558086,0.02746436,0.03531747,0.09164522,0.005836226,-0.9951481,348.7073,0.3589609,0.9314668,0.05931843
Grab,1772872567988,24.48196,1,0.07406166,1.095238,0.2956135,1.136846,-0.6414394,0.6270025,-0.1808003,-0.4034038,227.5823,-0.7010098,0.6852321,-0.1975912,0.126385,-0.0804251,0.02899938,0.1525855,-0.3134511,0.1071529,0.9263756,-0.1791505,200.6406,-0.3186056,0.108915,0.9416093,-0.2414116,0.4233589,-0.3041409,0.5744684,-0.5057123,-0.2140178,-0.5883732,-0.5935221,252.8147,-0.6283564,-0.2659209,-0.731064,0.02593834,0.004762411,0.004386514,0.02673424,0.03636818,0.07712234,0.0331835,-0.9958054,349.5006,0.3974835,0.8429033,0.3626767
Release,1772872568058,24.55076,1,0.07626855,1.096381,0.29683,1.13841,-0.6630665,0.6029656,-0.234061,-0.3768167,224.2733,-0.7158321,0.6509484,-0.2526872,0.1269727,-0.08600835,0.03195364,0.1566542,-0.3544435,0.1885583,0.9055234,-0.1372707,195.7799,-0.3578309,0.1903603,0.9141772,-0.2438123,0.4264006,-0.3066023,0.5790223,-0.5494756,-0.2907728,-0.5709541,-0.536227,244.8543,-0.6509805,-0.3444874,-0.6764266,0.02373146,0.003618598,0.003170043,0.02421416,0.01887491,0.04228161,0.08857787,-0.9949925,348.5275,0.1888443,0.4230294,0.8862256
Grab,1772872569239,25.73166,1,0.08139468,1.082026,0.302918,1.126572,-0.7415757,0.5175596,-0.367559,-0.2170203,205.0682,-0.7596811,0.5301958,-0.3765329,0.1269727,-0.08600835,0.03195364,0.1566542,-0.3544435,0.1885583,0.9055234,-0.1372707,195.7799,-0.3578309,0.1903603,0.9141772,-0.2438123,0.4264006,-0.3066023,0.5790223,-0.5494756,-0.2907728,-0.5709541,-0.536227,244.8543,-0.6509805,-0.3444874,-0.6764266,0.01860532,0.0179745,-0.002917975,0.02603373,0.03321616,-0.09204554,0.2807936,-0.9547666,325.4023,0.111705,-0.3095464,0.9443007
On Target,1772872570379,26.88573,1,0.1008502,1.097265,0.2830573,1.137665,-0.6433411,0.657283,-0.222009,-0.3237334,217.7777,-0.679958,0.6946934,-0.234645,0.1094475,-0.07331249,0.02383658,0.1338718,-0.3267797,0.1484744,0.9108267,-0.2038755,203.5274,-0.3337904,0.1516597,0.9303673,-0.2500419,0.3905773,-0.3654642,0.5904538,-0.5966622,-0.287384,-0.5179633,-0.5414042,245.5586,-0.7096681,-0.3418136,-0.6160639,-0.0008501559,0.002735257,0.01694271,0.01718313,0.06366497,-0.01169121,0.05141824,-0.9965773,350.5164,0.77015,-0.1414277,0.6220024
Off Target,1772872570615,27.12143,1,0.1046687,1.101037,0.292019,1.143902,-0.6331804,0.628675,-0.1799582,-0.4140838,228.9233,-0.6956201,0.6906705,-0.1977044,0.1108561,-0.07181707,0.02300875,0.1340753,-0.3412712,0.1162673,0.9126508,-0.1925735,202.206,-0.3477807,0.118485,0.9300591,-0.2580956,0.3950814,-0.37025,0.5998231,-0.5116358,-0.2964194,-0.5502636,-0.5895544,252.2508,-0.6334254,-0.3669789,-0.6812481,-0.00466872,-0.001036644,0.007981032,0.009304217,0.02787755,0.08216293,0.02378866,-0.9959449,349.6768,0.3098708,0.9132758,0.264421
On Target,1772872571668,28.17562,1,0.1026333,1.099901,0.2832844,1.140424,-0.6215187,0.6390024,-0.1756168,-0.417791,229.3904,-0.6840827,0.7033265,-0.1932949,0.1113328,-0.07265113,0.02267178,0.1348599,-0.3180526,0.08730201,0.9351621,-0.1292008,194.8468,-0.3207409,0.08803993,0.9430665,-0.2451589,0.3920909,-0.3703662,0.5924604,-0.5007316,-0.2771363,-0.556413,-0.6023853,254.0818,-0.6273217,-0.3471992,-0.6970798,-0.002633333,9.906292E-05,0.01671559,0.01692203,0.02660715,0.08046749,0.007339725,-0.9963751,350.2401,0.3127717,0.9459095,0.08627976
Off Target,1772872571795,28.2997,1,0.1027862,1.100587,0.2793723,1.140134,-0.6092213,0.6533059,-0.1813258,-0.4112928,228.5721,-0.6683698,0.7167346,-0.1989305,0.1120234,-0.07282539,0.02276305,0.1355395,-0.315044,0.08509263,0.9353259,-0.1366461,195.7076,-0.3180271,0.08589836,0.9441823,-0.2424299,0.3886004,-0.3726704,0.5904793,-0.506734,-0.2641183,-0.569952,-0.5904379,252.3762,-0.6278586,-0.3272505,-0.7061875,-0.002786241,-0.0005871058,0.02062774,0.02082334,0.02532207,0.06433604,-0.005594012,-0.9975913,352.0449,0.3650524,0.9274921,-0.08064535
On Target,1772872572669,29.17653,1,0.1022111,1.098818,0.2805681,1.138669,-0.5656767,0.6948206,-0.2207582,-0.3853571,225.3318,-0.6130219,0.7529747,-0.239235,0.1120755,-0.07383233,0.02397295,0.1363336,-0.3127292,0.1154869,0.9232546,-0.1909556,202.0171,-0.3185918,0.1176518,0.9405622,-0.2336769,0.3872886,-0.3749122,0.5875002,-0.5304393,-0.224844,-0.6145998,-0.5388382,245.2092,-0.6296693,-0.2669058,-0.7295738,-0.002211049,0.001181722,0.01943189,0.01959295,0.007434572,-0.002575532,-0.0379562,-0.9992485,355.5572,0.191803,-0.0664456,-0.979224
Trial End,1772872573502,30.00833,1,0.09943358,1.099475,0.2799886,1.138915,-0.5759671,0.6815175,-0.2292588,-0.388891,225.771,-0.6251788,0.7397476,-0.2488471,0.1128049,-0.07375315,0.02398488,0.1368932,-0.3186572,0.1252856,0.9208277,-0.186648,201.5145,-0.3243572,0.1275267,0.937299,-0.2342955,0.3858112,-0.3772328,0.5882595,-0.5264758,-0.2467566,-0.6060063,-0.5428543,245.7563,-0.6268862,-0.2938184,-0.7215849,0.0005664229,0.0005246401,0.02001143,0.02002631,0.0004144039,0.00233282,-0.0208111,-0.9997807,357.5999,0.01978675,0.1113863,-0.9936778
Timed Out,1772872573504,30.00833,2,-0.1,1.1,0.3,1.144552,0,0,0,1,0,1,0,0,0.1128049,-0.07375315,0.02398488,0.1368932,-0.3186572,0.1252856,0.9208277,-0.186648,201.5145,-0.3243572,0.1275267,0.937299,-0.2342955,0.3858112,-0.3772328,0.5882595,-0.5264758,-0.2467566,-0.6060063,-0.5428543,245.7563,-0.6268862,-0.2938184,-0.7215849,0,0,0,0,0,0,0,1,0,1,0,0
Trial Load,1772872573504,30.00833,2,-0.1,1.1,0.3,1.144552,0,0,0,1,0,1,0,0,0.1128049,-0.07375315,0.02398488,0.1368932,-0.3186572,0.1252856,0.9208277,-0.186648,201.5145,-0.3243572,0.1275267,0.937299,-0.2342955,0.3858112,-0.3772328,0.5882595,-0.5264758,-0.2467566,-0.6060063,-0.5428543,245.7563,-0.6268862,-0.2938184,-0.7215849,0.2,0,0,0.2,-0.5038455,0.5094302,0.5832445,0.3826834,135,-0.5453584,0.5514032,0.6312993
Release,1772872573516,30.00833,2,-0.1,1.1,0.3,1.144552,0,0,0,1,0,1,0,0,0.1128049,-0.07375315,0.02398488,0.1368932,-0.3186572,0.1252856,0.9208277,-0.186648,201.5145,-0.3243572,0.1275267,0.937299,-0.2342955,0.3858112,-0.3772328,0.5882595,-0.5264758,-0.2467566,-0.6060063,-0.5428543,245.7563,-0.6268862,-0.2938184,-0.7215849,0.2,0,0,0.2,-0.5038455,0.5094302,0.5832445,0.3826834,135,-0.5453584,0.5514032,0.6312993
Trial Start,1772872578780,0,2,-0.1000464,1.099648,0.2999882,1.144215,-0.001321795,-0.007188149,-0.003526962,0.9999671,0.9295621,-0.1629445,-0.8861199,-0.4347867,0.1128049,-0.07375315,0.02398488,0.1368932,-0.3186572,0.1252856,0.9208277,-0.186648,201.5145,-0.3243572,0.1275267,0.937299,-0.2342955,0.3858112,-0.3772328,0.5882595,-0.5264758,-0.2467566,-0.6060063,-0.5428543,245.7563,-0.6268862,-0.2938184,-0.7215849,0.2000464,0.0003516674,1.183152E-05,0.2000467,-0.5057188,0.5147122,0.5802799,0.3776179,135.6276,-0.5461553,0.5558677,0.6266782
Grab,1772872578780,0,2,-0.1000464,1.099648,0.2999882,1.144215,-0.001321795,-0.007188149,-0.003526962,0.9999671,0.9295621,-0.1629445,-0.8861199,-0.4347867,0.1128049,-0.07375315,0.02398488,0.1368932,-0.3186572,0.1252856,0.9208277,-0.186648,201.5145,-0.3243572,0.1275267,0.937299,-0.2342955,0.3858112,-0.3772328,0.5882595,-0.5264758,-0.2467566,-0.6060063,-0.5428543,245.7563,-0.6268862,-0.2938184,-0.7215849,0.2000464,0.0003516674,1.183152E-05,0.2000467,-0.5057188,0.5147122,0.5802799,0.3776179,135.6276,-0.5461553,0.5558677,0.6266782
Release,1772872579376,0.5963555,2,-0.008168796,1.089179,0.2783237,1.124207,0.8062767,-0.3568786,-0.03019168,0.470791,123.8287,0.9138923,-0.404512,-0.03422143,0.1139819,-0.06048097,0.03761745,0.1344057,0.5443951,0.439358,-0.6921673,-0.1774907,200.4473,0.5531783,0.4464464,-0.7033345,-0.2533727,0.4762071,-0.3640553,0.6507743,0.3296566,0.4215979,0.1733557,0.8267585,68.46563,0.5859968,0.7494314,0.3081567,0.1081688,0.01082134,0.0216763,0.1108488,-0.7385216,-0.07863783,0.5170701,-0.4254888,230.3632,-0.8160786,-0.08689611,0.5713711
Grab,1772872579418,0.6392775,2,-0.007966419,1.087463,0.277802,1.122414,0.7782996,-0.3795149,-0.03272625,0.4991466,120.1129,0.8981925,-0.4379772,-0.03776755,0.1139819,-0.06048097,0.03761745,0.1344057,0.5443951,0.439358,-0.6921673,-0.1774907,200.4473,0.5531783,0.4464464,-0.7033345,-0.2533727,0.4762071,-0.3640553,0.6507743,0.3296566,0.4215979,0.1733557,0.8267585,68.46563,0.5859968,0.7494314,0.3081567,0.1079664,0.01253688,0.02219802,0.1109354,-0.7540134,-0.03793557,0.5089207,-0.4135513,228.8562,-0.8281485,-0.04166543,0.5589582
Release,1772872579487,0.7077179,2,-0.008051531,1.08662,0.2781371,1.121681,0.7585082,-0.4008121,-0.03187954,0.512834,118.2944,0.8835399,-0.4668815,-0.03713453,0.1353745,-0.06309742,0.05075545,0.1577456,0.5669094,0.4875527,-0.6608652,-0.06452516,187.3992,0.5680932,0.4885709,-0.6622453,-0.2454384,0.4714552,-0.3705693,0.6479442,0.3053633,0.3824375,0.2202627,0.8437886,64.91526,0.5689903,0.7126043,0.4104204,0.1080515,0.01338029,0.02186286,0.1110502,-0.7661886,-0.01169612,0.495767,-0.4086972,228.246,-0.8395023,-0.01281527,0.5432051
Grab,1772872580224,1.444199,2,-0.008093704,1.086637,0.2781673,1.121705,0.7602549,-0.398584,-0.03262438,0.5119365,118.4142,0.8850224,-0.4639968,-0.03797846,0.1353745,-0.06309742,0.05075545,0.1577456,0.5669094,0.4875527,-0.6608652,-0.06452516,187.3992,0.5680932,0.4885709,-0.6622453,-0.2454384,0.4714552,-0.3705693,0.6479442,0.3053633,0.3824375,0.2202627,0.8437886,64.91526,0.5689903,0.7126043,0.4104204,0.1080937,0.01336288,0.02183267,0.1110832,-0.7647259,-0.01364943,0.497541,-0.4092201,228.3117,-0.8381149,-0.01495933,0.5452888
Release,1772872580295,1.513547,2,-0.008478965,1.086628,0.278285,1.121729,0.7690638,-0.3787026,-0.03536668,0.5136873,118.1805,0.8963683,-0.4413899,-0.04122099,0.1411311,-0.05958956,0.02739363,0.1556255,0.321485,0.03655601,-0.9461362,-0.01172806,181.344,0.3215071,0.03655852,-0.9462012,-0.2348896,0.4548266,-0.4076024,0.6543547,0.266074,0.3913005,0.186303,0.8610341,61.13422,0.5232041,0.7694478,0.3663436,0.108479,0.01337171,0.02171499,0.1114362,-0.7559863,-0.02412189,0.5141162,-0.4044596,227.7145,-0.8266156,-0.02637552,0.5621485
Grab,1772872580322,1.542841,2,-0.008478965,1.086628,0.278285,1.121729,0.7690637,-0.3787026,-0.03536668,0.5136872,118.1805,0.8963683,-0.4413899,-0.04122099,0.1411311,-0.05958956,0.02739363,0.1556255,0.321485,0.03655601,-0.9461362,-0.01172806,181.344,0.3215071,0.03655852,-0.9462012,-0.2348896,0.4548266,-0.4076024,0.6543547,0.266074,0.3913005,0.186303,0.8610341,61.13422,0.5232041,0.7694478,0.3663436,0.108479,0.01337171,0.02171499,0.1114362,-0.7559862,-0.0241219,0.5141162,-0.4044596,227.7145,-0.8266157,-0.02637553,0.5621485
Release,1772872580335,1.556121,2,-0.008478965,1.086628,0.278285,1.121729,0.7690638,-0.3787026,-0.03536668,0.5136873,118.1805,0.8963683,-0.4413899,-0.04122099,0.1377339,-0.06173898,0.0262186,0.1531984,0.3243433,0.043095,-0.9447742,-0.01860186,182.1317,0.3243995,0.04310246,-0.9449378,-0.2335338,0.454656,-0.4077573,0.6538472,0.2635559,0.3946312,0.1809982,0.8614198,61.04724,0.5189195,0.776996,0.3563704,0.108479,0.01337171,0.02171499,0.1114362,-0.7559863,-0.02412189,0.5141162,-0.4044596,227.7145,-0.8266156,-0.02637552,0.5621485
Grab,1772872580349,1.569628,2,-0.00848441,1.086636,0.2783915,1.121763,0.771763,-0.3782974,-0.03719784,0.5097933,118.6999,0.8970892,-0.4397289,-0.04323838,0.1377339,-0.06173898,0.0262186,0.1531984,0.3243433,0.043095,-0.9447742,-0.01860186,182.1317,0.3243995,0.04310246,-0.9449378,-0.2335338,0.454656,-0.4077573,0.6538472,0.2635559,0.3946312,0.1809982,0.8614198,61.04724,0.5189195,0.776996,0.3563704,0.1084844,0.01336372,0.0216085,0.1114198,-0.7538881,-0.02691236,0.514125,-0.4081714,228.18,-0.8258119,-0.0294799,0.5631745
Release,1772872580487,1.709505,2,-0.008867079,1.074515,0.2890612,1.112752,0.7970227,-0.3673154,-0.05317302,0.4764524,123.0921,0.9065315,-0.4177836,-0.06047885,0.1227721,-0.07416125,0.02421095,0.1454615,0.307885,0.03734782,-0.9478577,-0.07333436,188.4111,0.3087163,0.03744865,-0.9504167,-0.2205994,0.4653944,-0.4050864,0.6552488,0.2863382,0.3826832,0.1389986,0.8673198,59.7027,0.5752633,0.7688236,0.279253,0.1088671,0.0254848,0.01093885,0.112344,-0.7322125,-0.05478337,0.5191939,-0.4373803,231.8737,-0.8142238,-0.06091937,0.5773461
Grab,1772872580543,1.763322,2,-0.008662587,1.07654,0.2888941,1.114663,0.8097904,-0.3686064,-0.06271023,0.4521463,126.2371,0.907894,-0.4132619,-0.07030737,0.1227721,-0.07416125,0.02421095,0.1454615,0.307885,0.03734782,-0.9478577,-0.07333436,188.4111,0.3087163,0.03744865,-0.9504167,-0.2205994,0.4653944,-0.4050864,0.6552488,0.2863382,0.3826832,0.1389986,0.8673198,59.7027,0.5752633,0.7688236,0.279253,0.1086626,0.02345991,0.01110595,0.1117196,-0.7207464,-0.06931305,0.514521,-0.459335,234.6884,-0.811411,-0.07803212,0.579244
Release,1772872580905,2.124969,2,0.008405915,1.076495,0.2702227,1.109925,0.9521837,-0.2813652,0.02762477,0.1158313,166.6969,0.9586363,-0.283272,0.02781198,0.1220628,-0.07448711,0.03449119,0.1470962,0.3199476,-0.05486722,-0.8652169,-0.3821298,224.9313,0.3462228,-0.05937311,-0.9362717,-0.2200763,0.4433069,-0.4376813,0.6606962,0.5460821,0.4211176,-0.1232388,0.7136291,88.93807,0.7795342,0.6011468,-0.1759239,0.09159409,0.02350485,0.02977729,0.0991395,-0.6009236,-0.4025927,0.4002929,-0.5626506,248.4786,-0.7268988,-0.4869907,0.4842087
Grab,1772872581684,2.903369,2,0.008296281,1.07639,0.2703463,1.109852,0.9532109,-0.2811333,0.03190229,0.1064673,167.7766,0.9586598,-0.2827404,0.03208466,0.1220628,-0.07448711,0.03449119,0.1470962,0.3199476,-0.05486722,-0.8652169,-0.3821298,224.9313,0.3462228,-0.05937311,-0.9362717,-0.2200763,0.4433069,-0.4376813,0.6606962,0.5460821,0.4211176,-0.1232388,0.7136291,88.93807,0.7795342,0.6011468,-0.1759239,0.09170372,0.02361035,0.0296537,0.09922884,-0.5986425,-0.4102062,0.3938347,-0.5641387,248.685,-0.7250296,-0.4968101,0.4769821
Release,1772872581835,3.055487,2,-0.008970463,1.030041,0.2457489,1.058989,0.9264883,-0.3762782,0.003628226,0.004601687,179.4727,0.9264981,-0.3762822,0.003628264,0.08095142,-0.07841358,0.02983174,0.1165837,0.2117046,-0.05678248,-0.9119766,-0.3467793,220.5809,0.2257107,-0.06053912,-0.9723116,-0.164308,0.4298023,-0.4152442,0.6198023,0.6204233,0.2865759,-0.1209399,0.7199464,87.89989,0.8939434,0.4129159,-0.1742576,0.1089705,0.06995857,0.05425109,0.1403992,-0.5781807,-0.3958576,0.2836905,-0.6546172,261.7813,-0.7648292,-0.5236484,0.3752715
Grab,1772872581863,3.083422,2,-0.008638941,1.030252,0.2463783,1.059338,0.9296009,-0.3658044,0.04141607,-0.01772025,182.0307,0.9297469,-0.3658619,0.04142257,0.08095142,-0.07841358,0.02983174,0.1165837,0.2117046,-0.05678248,-0.9119766,-0.3467793,220.5809,0.2257107,-0.06053912,-0.9723116,-0.164308,0.4298023,-0.4152442,0.6198023,0.6204233,0.2865759,-0.1209399,0.7199464,87.89989,0.8939434,0.4129159,-0.1742576,0.1086389,0.06974792,0.05362169,0.1397944,-0.5812666,-0.4320918,0.2630734,-0.6373525,259.1894,-0.7543309,-0.5607414,0.3413999
Release,1772872581863,3.083422,2,-0.008640187,1.030278,0.2467865,1.059458,0.928925,-0.3640236,0.06189588,-0.0274642,183.1476,0.9292756,-0.364161,0.06191925,0.08095142,-0.07841358,0.02983174,0.1165837,0.2117046,-0.05678248,-0.9119766,-0.3467793,220.5809,0.2257107,-0.06053912,-0.9723116,-0.164308,0.4298023,-0.4152442,0.6198023,0.6204233,0.2865759,-0.1209399,0.7199464,87.89989,0.8939434,0.4129159,-0.1742576,0.1086402,0.06972182,0.05321352,0.1396263,-0.5854928,-0.4476617,0.2501059,-0.6278889,257.7891,-0.7522684,-0.5751765,0.3213477
Grab,1772872581931,3.152622,2,-0.008678157,1.029672,0.2471598,1.058956,0.9149684,-0.389421,0.1009804,-0.03141785,183.6008,0.9154203,-0.3896133,0.1010303,0.08095142,-0.07841358,0.02983174,0.1165837,0.2117046,-0.05678248,-0.9119766,-0.3467793,220.5809,0.2257107,-0.06053912,-0.9723116,-0.164308,0.4298023,-0.4152442,0.6198023,0.6204233,0.2865759,-0.1209399,0.7199464,87.89989,0.8939434,0.4129159,-0.1742576,0.1086782,0.07032847,0.0528402,0.1398182,-0.6128836,-0.4515091,0.2129367,-0.6125123,255.5428,-0.7753496,-0.5711971,0.2693829
Release,1772872582043,3.262892,2,-0.01435163,1.018213,0.2340109,1.044857,0.8616171,-0.4881931,0.04491402,-0.1314008,195.1011,0.8691533,-0.4924631,0.04530686,0.07926956,-0.1057791,0.03112206,0.1357994,0.2671889,0.02277613,-0.9371557,-0.2232278,205.7974,0.2741056,0.02336574,-0.9614157,-0.1511954,0.4194839,-0.4098218,0.6056243,0.7611132,0.1922471,-0.09462134,0.6122048,104.5018,0.9625822,0.2431355,-0.1196679,0.1143516,0.08178687,0.06598911,0.155306,-0.5711374,-0.4052793,0.09913325,-0.7069112,269.9683,-0.807487,-0.572993,0.1401568
